<?xml version="1.0" encoding="utf-8"?>
<!--/274396/1235625/2.50/3/3/Transistor/-->
<quadcept_library>
  <setting unit="mil" />
  <textstyle name="Default" height="47.244094488189" strokewidth="7.8740157480315" charwidth="47.244094488189" />
  <textstyle name="Dimension" height="19.6850393700787" strokewidth="0" charwidth="19.6850393700787" />
  <textstyle name="H127W0635TH00762" height="50" strokewidth="3" charwidth="25" />
  <textstyle name="H15W15TH02" height="59.0551181102362" strokewidth="7.8740157480315" charwidth="59.0551181102362" />
  <padstyle name="c193.5_h129" surface="False" plated="True" isvia="False" nopaste="True" nomask="True" complex="False" holesize="50.787401574803">
    <padshape layer="TOP" shape="round" width="76.181102362204" height="76.181102362204" />
    <padshape layer="TOP_SOLDER_MASK" shape="round" width="84.055118110235" height="84.055118110235" />
    <padshape layer="INNER" shape="round" width="76.181102362204" height="76.181102362204" />
    <padshape layer="BOTTOM" shape="round" width="76.181102362204" height="76.181102362204" />
    <padshape layer="BOTTOM_SOLDER_MASK" shape="round" width="84.055118110235" height="84.055118110235" />
  </padstyle>
  <padstyle name="s193.5_h129" surface="False" plated="True" isvia="False" nopaste="True" nomask="True" complex="False" holesize="50.787401574803">
    <padshape layer="TOP" shape="square" width="76.181102362204" height="76.181102362204" />
    <padshape layer="TOP_SOLDER_MASK" shape="square" width="84.055118110235" height="84.055118110235" />
    <padshape layer="INNER" shape="round" width="76.181102362204" height="76.181102362204" />
    <padshape layer="BOTTOM" shape="square" width="76.181102362204" height="76.181102362204" />
    <padshape layer="BOTTOM_SOLDER_MASK" shape="square" width="84.055118110235" height="84.055118110235" />
  </padstyle>
  <footprint name="TO254P470X1028X1955-3P" originx="0" originy="0" pickpointx="0" pickpointy="0">
    <pcbpin number="1" name="1" style="s193.5_h129" originx="0" originy="0" rotation="90" />
    <pcbpin number="2" name="2" style="c193.5_h129" originx="99.999999999999" originy="0" rotation="90" />
    <pcbpin number="3" name="3" style="c193.5_h129" originx="200" originy="0" rotation="90" />
    <line layer="TOP_PLACE_BOUND" originx="-117.32283464567" originy="135.82677165354" endx="317.32283464567" endy="135.82677165354" width="1.9685039370079" />
    <line layer="TOP_PLACE_BOUND" originx="317.32283464567" originy="135.82677165354" endx="317.32283464567" endy="-68.897637795275" width="1.9685039370079" />
    <line layer="TOP_PLACE_BOUND" originx="317.32283464567" originy="-68.897637795275" endx="-117.32283464567" endy="-68.897637795275" width="1.9685039370079" />
    <line layer="TOP_PLACE_BOUND" originx="-117.32283464567" originy="-68.897637795275" endx="-117.32283464567" endy="135.82677165354" width="1.9685039370079" />
    <line layer="TOP_ASSEMBLY" originx="-107.48031496063" originy="125.9842519685" endx="307.48031496063" endy="125.9842519685" width="3.9370078740157" />
    <line layer="TOP_ASSEMBLY" originx="307.48031496063" originy="125.9842519685" endx="307.48031496063" endy="-59.055118110235" width="3.9370078740157" />
    <line layer="TOP_ASSEMBLY" originx="307.48031496063" originy="-59.055118110235" endx="-107.48031496063" endy="-59.055118110235" width="3.9370078740157" />
    <line layer="TOP_ASSEMBLY" originx="-107.48031496063" originy="-59.055118110235" endx="-107.48031496063" endy="125.9842519685" width="3.9370078740157" />
    <line layer="TOP_ASSEMBLY" originx="-107.48031496063" originy="75.984251968503" endx="-57.480314960629" endy="125.9842519685" width="3.9370078740157" />
    <line layer="TOP_SILKSCREEN" originx="307.48031496063" originy="-59.055118110235" endx="307.48031496063" endy="125.9842519685" width="7.8740157480314" />
    <line layer="TOP_SILKSCREEN" originx="307.48031496063" originy="125.9842519685" endx="-107.48031496063" endy="125.9842519685" width="7.8740157480314" />
    <line layer="TOP_SILKSCREEN" originx="-107.48031496063" originy="125.9842519685" endx="-107.48031496063" endy="0" width="7.8740157480314" />
  </footprint>
  <symbol name="LM2940CT-5.0_NOPB" originx="0" originy="0">
    <line originx="200" originy="100" endx="700" endy="100" width="0" />
    <line originx="700" originy="-300" endx="700" endy="100" width="0" />
    <line originx="700" originy="-300" endx="200" endy="-300" width="0" />
    <line originx="200" originy="100" endx="200" endy="-300" width="0" />
    <sympin number="1" originx="200" originy="0" rotation="180" length="100" width="7.8740157480315" flipped="False">
      <text name="pinname" originx="230" originy="0" style="Default" rotation="0" justify="left" flipped="False" hidden="False" data="IN" />
      <text name="pindes" originx="140" originy="20" style="Default" rotation="0" justify="lowerright" flipped="False" hidden="False" data="1" />
    </sympin>
    <sympin number="2" originx="200" originy="-100" rotation="180" length="100" width="7.8740157480315" flipped="False">
      <text name="pinname" originx="230" originy="-100" style="Default" rotation="0" justify="left" flipped="False" hidden="False" data="GND" />
      <text name="pindes" originx="140" originy="-80" style="Default" rotation="0" justify="lowerright" flipped="False" hidden="False" data="2" />
    </sympin>
    <sympin number="3" originx="200" originy="-200" rotation="180" length="100" width="7.8740157480315" flipped="False">
      <text name="pinname" originx="230" originy="-200" style="Default" rotation="0" justify="left" flipped="False" hidden="False" data="OUT" />
      <text name="pindes" originx="140" originy="-180" style="Default" rotation="0" justify="lowerright" flipped="False" hidden="False" data="3" />
    </sympin>
  </symbol>
  <component name="LM2940CT-5.0_NOPB" designatorprefix="Q" height="185.03937007874" footprint="TO254P470X1028X1955-3P">
    <comppin designator="1" sympin="1" pinswap="0" gateswap="0" gate="1" group="1" side="" type="Any" name="IN" />
    <comppin designator="2" sympin="2" pinswap="0" gateswap="0" gate="1" group="1" side="" type="Any" name="GND" />
    <comppin designator="3" sympin="3" pinswap="0" gateswap="0" gate="1" group="1" side="" type="Any" name="OUT" />
    <attached_symbol gate="1" name="LM2940CT-5.0_NOPB" />
    <pinmap designator="1" footprintpin="1" />
    <pinmap designator="2" footprintpin="2" />
    <pinmap designator="3" footprintpin="3" />
    <text name="Datasheet" originx="0" originy="0" style="Default" rotation="0" justify="" flipped="False" hidden="True" data="http://www.ti.com/lit/ds/symlink/lm2940c.pdf" />
    <text name="Description" originx="0" originy="0" style="Default" rotation="0" justify="" flipped="False" hidden="True" data="1A,5V,LDO Voltage Regulator,LM2940CT-5.0 Texas Instruments LM2940CT-5.0/NOPB, LDO Voltage Regulator, 1A, 5 V, 6.25  26 Vin, 3-Pin TO-220" />
    <text name="Mouser Part Number" originx="0" originy="0" style="Default" rotation="0" justify="" flipped="False" hidden="True" data="926-LM2940CT-5.0NOPB" />
    <text name="Mouser Price/Stock" originx="0" originy="0" style="Default" rotation="0" justify="" flipped="False" hidden="True" data="https://www.mouser.co.uk/ProductDetail/Texas-Instruments/LM2940CT-5.0-NOPB?qs=X1J7HmVL2ZHd4yipOGCVKg%3D%3D" />
    <text name="Manufacturer_Name" originx="0" originy="0" style="Default" rotation="0" justify="" flipped="False" hidden="True" data="Texas Instruments" />
    <text name="Manufacturer_Part_Number" originx="750" originy="200" style="Default" rotation="0" justify="left" flipped="False" hidden="False" data="LM2940CT-5.0/NOPB" />
  </component>
</quadcept_library>
